{
  "val": {
    "pr_auc": 0.964766782810997,
    "roc_auc": 0.9902516095445063,
    "best_f1": 0.9298158287705326,
    "threshold": 0.8183673469387756,
    "recall@1%": 0.08574181117533719
  },
  "test": {
    "pr_auc": 0.6554738352846023,
    "roc_auc": 0.8607684875132071,
    "best_f1": 0.6876790830945558,
    "threshold": 0.8510204081632654,
    "recall@1%": 0.17452830188679244
  }
}